GeneNames,value1,value2,log2FC,p-value
LOC_Os09g31130.1,136,0,NA,2.47E-48
LOC_Os05g39990.1,0,63,NA,7.05E-17
LOC_Os01g62900.1,193,4,5.592457037,1.56E-54
LOC_Os05g39250.1,84,2,5.392317423,4.53E-27
LOC_Os03g16920.1,274,7,5.290677161,4.69E-54
LOC_Os03g16030.1,34,1,5.087462841,2.50E-11
LOC_Os02g30180.3,33,1,5.044394119,5.44E-11
LOC_Os04g52500.1,30,1,4.906890596,5.58E-10
LOC_Os02g28980.1,29,1,4.857980995,1.21E-09
LOC_Os05g47540.1,114,4,4.832890014,9.23E-35
LOC_Os03g57200.1,26,1,4.700439718,1.22E-08
LOC_Os05g46040.1,49,2,4.614709844,2.86E-15
LOC_Os01g58194.1,24,1,4.584962501,5.70E-08
LOC_Os09g25850.1,21,1,4.392317423,5.65E-07
LOC_Os03g24450.1,20,1,4.321928095,1.21E-06
LOC_Os04g49350.1,19,1,4.247927513,2.58E-06
LOC_Os05g44340.1,53,3,4.142957954,1.39E-15
LOC_Os05g47540.4,308,18,4.096861539,2.19E-54
LOC_Os03g45960.1,17,1,4.087462841,1.17E-05
LOC_Os03g16020.1,67,4,4.06608919,3.39E-19
LOC_Os09g27830.3,32,2,4,1.14E-09
LOC_Os05g33960.1,94,6,3.969626351,6.46E-26
LOC_Os01g08860.2,61,4,3.930737338,4.93E-17
LOC_Os04g37619.2,200,14,3.836501268,9.62E-53
LOC_Os03g05310.1,71,5,3.827819025,1.72E-19
LOC_Os07g48450.3,14,1,3.807354922,0.000110256
LOC_Os08g41390.2,95,7,3.762500686,1.80E-25
LOC_Os03g51920.1,53,4,3.727920455,1.33E-14
LOC_Os01g55270.1,13,1,3.700439718,0.0002312
LOC_Os05g04700.1,38,3,3.662965013,1.25E-10
LOC_Os09g20220.1,24,2,3.584962501,6.30E-07
LOC_Os10g37210.1,12,1,3.584962501,0.000482598
LOC_Os03g18870.1,45,4,3.491853096,4.05E-12
LOC_Os01g19130.1,22,2,3.459431619,2.49E-06
LOC_Os02g57220.1,11,1,3.459431619,0.001824504
LOC_Os03g60080.1,120,11,3.447458977,6.22E-30
LOC_Os02g32504.1,65,6,3.437405312,1.11E-16
LOC_Os10g32680.3,52,5,3.378511623,2.53E-13
LOC_Os08g20660.1,31,3,3.36923381,1.73E-08
LOC_Os01g51410.2,225,22,3.354349573,6.76E-54
LOC_Os06g50040.1,10,1,3.321928095,0.003554573
LOC_Os03g17870.1,109,11,3.308752706,1.39E-26
LOC_Os10g37730.1,19,2,3.247927513,1.96E-05
LOC_Os12g42876.1,1099,117,3.231610951,1.05E-55
LOC_Os12g02250.1,28,3,3.222392421,1.42E-07
LOC_Os12g42884.2,797,88,3.179004295,2.59E-54
LOC_Os05g49770.2,27,3,3.169925001,2.86E-07
LOC_Os07g12340.1,18,2,3.169925001,3.90E-05
LOC_Os02g49980.1,9,1,3.169925001,0.006924186
LOC_Os05g38530.1,88,10,3.137503524,1.18E-20
LOC_Os07g04210.1,26,3,3.115477217,5.74E-07
LOC_Os01g62870.1,17,2,3.087462841,7.74E-05
LOC_Os01g11070.1,25,3,3.058893689,1.15E-06
LOC_Os07g44060.1,24,3,3,2.29E-06
LOC_Os05g42250.1,16,2,3,0.000153104
LOC_Os03g13300.1,8,1,3,0.013464114
LOC_Os01g62290.1,186,24,2.95419631,1.45E-40
LOC_Os10g31820.2,46,6,2.938599455,9.05E-11
LOC_Os02g52780.1,23,3,2.938599455,4.56E-06
LOC_Os01g50030.1,168,22,2.932885804,2.26E-36
LOC_Os09g04790.1,60,8,2.906890596,7.77E-14
LOC_Os01g61320.2,15,2,2.906890596,0.000301869
LOC_Os08g39140.3,239,32,2.900866808,9.89E-51
LOC_Os03g43720.2,44,6,2.874469118,3.21E-10
LOC_Os08g04430.1,29,4,2.857980995,3.95E-07
LOC_Os02g02410.1,164,23,2.833990049,1.71E-34
LOC_Os12g44050.1,35,5,2.807354922,2.33E-08
LOC_Os06g12310.1,28,4,2.807354922,7.59E-07
LOC_Os01g59500.2,14,2,2.807354922,0.000592514
LOC_Os11g03410.1,7,1,2.807354922,0.02608158
LOC_Os01g03730.1,41,6,2.772589504,2.17E-09
LOC_Os03g57340.1,75,11,2.769387072,3.06E-16
LOC_Os05g04360.1,20,3,2.736965594,5.77E-05
LOC_Os01g22010.2,119,18,2.724892762,1.06E-24
LOC_Os09g26880.3,111,17,2.706953025,6.99E-23
LOC_Os05g05740.1,13,2,2.700439718,0.001156603
LOC_Os09g31486.1,51,8,2.672425342,4.38E-11
LOC_Os05g46290.1,25,4,2.64385619,5.36E-06
LOC_Os04g47220.1,118,19,2.634715536,9.47E-24
LOC_Os09g32050.1,31,5,2.632268215,5.60E-07
LOC_Os02g44870.1,85,14,2.602036014,3.14E-17
LOC_Os02g43020.1,48,8,2.584962501,2.90E-10
LOC_Os06g08110.1,30,5,2.584962501,1.03E-06
LOC_Os02g09810.3,18,3,2.584962501,0.000200426
LOC_Os04g32340.1,12,2,2.584962501,0.002242721
LOC_Os06g07370.1,6,1,2.584962501,0.050202172
LOC_Os06g40940.3,148,25,2.565597176,8.86E-29
LOC_Os08g40510.1,17,3,2.502500341,0.000372565
LOC_Os03g04970.1,28,5,2.485426827,3.48E-06
LOC_Os03g58790.1,39,7,2.478047297,3.51E-08
LOC_Os02g30900.1,22,4,2.459431619,3.69E-05
LOC_Os03g58160.1,11,2,2.459431619,0.004314182
LOC_Os01g10050.2,27,5,2.432959407,6.39E-06
LOC_Os07g34730.1,32,6,2.415037499,6.67E-07
LOC_Os07g30300.1,16,3,2.415037499,0.00069044
LOC_Os02g32520.1,37,7,2.402098444,1.17E-07
LOC_Os01g40280.2,21,4,2.392317423,6.96E-05
LOC_Os04g26910.1,47,9,2.38466385,2.23E-09
LOC_Os12g31850.4,31,6,2.36923381,1.25E-06
LOC_Os03g22770.2,15,3,2.321928095,0.001274219
LOC_Os10g37630.1,10,2,2.321928095,0.008220183
LOC_Os03g45260.1,5,1,2.321928095,0.095693892
LOC_Os09g29840.2,205,42,2.287162677,2.36E-35
LOC_Os05g08810.1,24,5,2.263034406,3.92E-05
LOC_Os08g38086.4,99,21,2.237039197,1.72E-17
LOC_Os12g41390.3,28,6,2.222392421,1.37E-05
LOC_Os06g36270.1,14,3,2.222392421,0.002338979
LOC_Os02g13560.1,59,13,2.182203331,1.02E-10
LOC_Os01g36950.1,63,14,2.169925001,3.26E-11
LOC_Os09g24230.1,36,8,2.169925001,7.91E-07
LOC_Os05g48760.1,18,4,2.169925001,0.000784537
LOC_Os10g27220.1,9,2,2.169925001,0.015485234
LOC_Os02g54130.3,89,20,2.153805336,2.78E-15
LOC_Os03g16670.1,44,10,2.137503524,4.73E-08
LOC_Os04g34450.1,22,5,2.137503524,0.000129363
LOC_Os08g05910.1,70,16,2.129283017,3.72E-12
LOC_Os03g41460.1,35,8,2.129283017,1.39E-06
LOC_Os12g33946.1,343,79,2.118284018,1.03E-53
LOC_Os08g43440.1,39,9,2.115477217,2.64E-07
LOC_Os03g53140.2,13,3,2.115477217,0.004264657
LOC_Os05g50380.2,43,10,2.10433666,8.36E-08
LOC_Os10g42790.1,68,16,2.087462841,1.19E-11
LOC_Os05g38219.1,21,5,2.070389328,0.000233409
LOC_Os03g31839.1,25,6,2.058893689,7.48E-05
LOC_Os02g42890.1,54,13,2.054447784,3.14E-09
LOC_Os02g33710.1,170,41,2.051838932,1.25E-26
LOC_Os01g71990.1,33,8,2.044394119,4.32E-06
LOC_Os09g29890.1,44,11,2,1.56E-07
LOC_Os01g43370.1,40,10,2,4.59E-07
LOC_Os09g36480.2,32,8,2,7.59E-06
LOC_Os03g63040.1,28,7,2,2.48E-05
LOC_Os09g12570.1,24,6,2,0.00013087
LOC_Os02g45670.1,20,5,2,0.000418798
LOC_Os03g13750.1,16,4,2,0.002409106
LOC_Os07g46780.2,12,3,2,0.007711815
LOC_Os05g41795.1,8,2,2,0.050472433
LOC_Os02g39880.1,4,1,2,0.179811719
LOC_Os02g54254.2,75,19,1.980891177,4.15E-12
LOC_Os05g02530.1,161,41,1.973364873,3.12E-24
LOC_Os04g36720.1,35,9,1.959358016,4.55E-06
LOC_Os08g29150.1,27,7,1.94753258,4.41E-05
LOC_Os08g31510.1,104,27,1.945552216,6.24E-16
LOC_Os03g21620.1,50,13,1.943416472,2.82E-08
LOC_Os03g55100.1,23,6,1.938599455,0.00022833
LOC_Os06g50300.1,377,99,1.929064093,1.71E-53
LOC_Os12g04240.1,19,5,1.925999419,0.00074662
LOC_Os12g34014.1,34,9,1.91753784,7.77E-06
LOC_Os08g38460.1,30,8,1.906890596,2.32E-05
LOC_Os03g49230.1,15,4,1.906890596,0.004190827
LOC_Os01g55950.1,41,11,1.898120386,7.92E-07
LOC_Os05g08840.1,52,14,1.893084796,2.90E-08
LOC_Os05g33730.1,26,7,1.893084796,7.82E-05
LOC_Os03g06620.1,48,13,1.884522783,8.40E-08
LOC_Os05g50710.1,44,12,1.874469118,2.74E-07
LOC_Os06g50050.1,11,3,1.874469118,0.013806793
LOC_Os06g45840.1,29,8,1.857980995,4.04E-05
LOC_Os03g49180.1,18,5,1.847996907,0.001321314
LOC_Os11g26850.2,158,44,1.84434913,2.42E-22
LOC_Os12g18770.1,25,7,1.836501268,0.000228535
LOC_Os01g15010.1,39,11,1.8259706,2.32E-06
LOC_Os08g09200.1,296,84,1.817135943,6.83E-40
LOC_Os06g40200.1,14,4,1.807354922,0.007242091
LOC_Os06g45940.1,7,2,1.807354922,0.087890611
LOC_Os06g39260.1,24,7,1.777607579,0.000384782
LOC_Os09g13570.1,17,5,1.765534746,0.002318978
LOC_Os06g23290.3,98,29,1.756728849,1.22E-13
LOC_Os01g08410.1,27,8,1.754887502,0.000120624
LOC_Os08g32870.1,138,41,1.750972452,1.17E-18
LOC_Os02g57260.1,47,14,1.74723393,3.96E-07
LOC_Os02g12650.1,40,12,1.736965594,3.78E-06
LOC_Os07g40520.1,10,3,1.736965594,0.024424536
LOC_Os07g49270.1,56,17,1.719892081,4.03E-08
LOC_Os12g35360.1,23,7,1.716207034,0.000645393
LOC_Os07g14270.3,160,49,1.707218251,7.15E-21
LOC_Os12g32986.1,62,19,1.706268797,7.32E-09
LOC_Os02g06720.1,13,4,1.700439718,0.012413292
LOC_Os02g39360.1,158,49,1.689070904,3.26E-20
LOC_Os12g36640.2,58,18,1.688055994,2.36E-08
LOC_Os07g46220.1,29,9,1.688055994,0.000108745
LOC_Os02g44630.3,16,5,1.678071905,0.004031847
LOC_Os01g07870.1,54,17,1.667424661,1.11E-07
LOC_Os07g34589.3,76,24,1.662965013,2.34E-10
LOC_Os06g05740.1,19,6,1.662965013,0.002011275
LOC_Os12g44360.2,126,40,1.655351829,3.41E-16
LOC_Os05g41120.1,22,7,1.652076697,0.001077553
LOC_Os02g14730.1,25,8,1.64385619,0.000352603
LOC_Os09g27030.2,504,162,1.637429921,1.36E-54
LOC_Os03g51050.1,28,9,1.637429921,0.000182442
LOC_Os02g32660.1,87,28,1.635588574,2.16E-11
LOC_Os10g32550.1,90,29,1.633872101,7.69E-12
LOC_Os09g36220.1,124,40,1.632268215,9.46E-16
LOC_Os10g35630.1,30,10,1.584962501,0.000165839
LOC_Os03g20380.4,27,9,1.584962501,0.0003046
LOC_Os06g04020.1,24,8,1.584962501,0.000597033
LOC_Os02g16040.1,21,7,1.584962501,0.001789317
LOC_Os09g38370.1,18,6,1.584962501,0.003405763
LOC_Os05g03550.1,15,5,1.584962501,0.011269257
LOC_Os09g39910.2,12,4,1.584962501,0.021067875
LOC_Os09g37120.1,9,3,1.584962501,0.042593369
LOC_Os01g02720.1,6,2,1.584962501,0.150918038
LOC_Os02g18090.1,3,1,1.584962501,0.330834119
LOC_Os04g32950.2,190,64,1.569855608,2.52E-22
LOC_Os01g55830.1,65,22,1.562936194,1.56E-08
LOC_Os01g09570.1,109,37,1.558730959,2.79E-13
LOC_Os06g36560.1,73,25,1.545968369,2.57E-09
LOC_Os12g44030.1,67,23,1.542527234,1.36E-08
LOC_Os12g37060.1,64,22,1.540568381,2.58E-08
LOC_Os09g24710.3,29,10,1.5360529,0.000270995
LOC_Os04g04020.1,52,18,1.530514717,7.40E-07
LOC_Os08g39630.1,26,9,1.530514717,0.00050576
LOC_Os03g60090.1,98,34,1.527247003,7.14E-12
LOC_Os07g47530.2,72,25,1.526068812,4.22E-09
LOC_Os05g43230.1,23,8,1.523561956,0.001003469
LOC_Os01g12710.1,40,14,1.514573173,1.43E-05
LOC_Os10g41760.1,20,7,1.514573173,0.002952376
LOC_Os03g06139.1,54,19,1.506959989,6.75E-07
LOC_Os03g42820.2,34,12,1.502500341,7.77E-05
LOC_Os09g39560.1,17,6,1.502500341,0.005715642
LOC_Os07g27950.2,31,11,1.494764692,0.000151602
LOC_Os05g38150.1,70,25,1.485426827,1.13E-08
LOC_Os03g50870.1,28,10,1.485426827,0.000440897
LOC_Os01g63400.2,14,5,1.485426827,0.018448604
LOC_Os10g35720.1,39,14,1.478047297,2.35E-05
LOC_Os09g30412.1,128,46,1.476438044,1.45E-14
LOC_Os02g11780.1,25,9,1.473931188,0.000834593
LOC_Os03g21720.1,72,26,1.469485283,9.55E-09
LOC_Os04g48050.1,36,13,1.469485283,6.81E-05
LOC_Os05g01470.1,33,12,1.459431619,0.000126959
LOC_Os05g11320.1,22,8,1.459431619,0.002621811
LOC_Os02g13640.1,11,4,1.459431619,0.035335757
LOC_Os04g53310.1,19,7,1.440572591,0.004835727
LOC_Os05g49300.1,73,27,1.434937057,1.33E-08
LOC_Os01g68950.1,27,10,1.432959407,0.000713739
LOC_Os03g21680.2,35,13,1.428843299,0.000109446
LOC_Os03g08430.2,72,27,1.415037499,2.12E-08
LOC_Os06g03860.3,32,12,1.415037499,0.000206412
LOC_Os06g09660.1,16,6,1.415037499,0.009495325
LOC_Os11g40690.1,8,3,1.415037499,0.073018098
LOC_Os06g12630.2,29,11,1.398549376,0.000627292
LOC_Os10g10500.1,50,19,1.395928676,4.35E-06
LOC_Os02g28040.1,21,8,1.392317423,0.004193663
LOC_Os10g30580.1,178,68,1.38827059,1.92E-18
LOC_Os02g01740.1,60,23,1.38332864,4.01E-07
LOC_Os01g08750.1,26,10,1.378511623,0.00114889
LOC_Os07g04230.1,13,5,1.378511623,0.029911769
LOC_Os01g16000.2,18,7,1.362570079,0.007854071
LOC_Os01g53520.1,59,23,1.359081093,9.78E-07
LOC_Os02g28830.1,64,25,1.35614381,2.83E-07
LOC_Os01g72100.1,28,11,1.347923303,0.000991282
LOC_Os02g57750.1,10,4,1.321928095,0.058437634
LOC_Os03g37010.1,5,2,1.321928095,0.254266533
LOC_Os02g13140.1,47,19,1.306661338,1.72E-05
LOC_Os06g08670.1,84,34,1.304854582,7.51E-09
LOC_Os02g14760.1,32,13,1.299560282,0.000442455
LOC_Os01g01960.1,108,44,1.295455884,7.15E-11
LOC_Os04g40670.1,22,9,1.289506617,0.003587661
LOC_Os04g40660.3,56,23,1.283792966,3.68E-06
LOC_Os01g14370.1,17,7,1.280107919,0.012634878
LOC_Os03g48080.1,48,20,1.263034406,2.28E-05
LOC_Os02g39930.1,36,15,1.263034406,0.000209084
LOC_Os07g28940.1,12,5,1.263034406,0.047944259
LOC_Os03g22270.2,55,23,1.257797757,5.70E-06
LOC_Os10g30450.1,19,8,1.247927513,0.010499087
LOC_Os06g19620.1,26,11,1.2410081,0.002435294
LOC_Os04g23890.4,92,39,1.238159737,5.22E-09
LOC_Os03g53270.1,49,21,1.222392421,3.02E-05
LOC_Os06g14750.1,42,18,1.222392421,0.000121915
LOC_Os07g33670.1,28,12,1.222392421,0.002082032
LOC_Os03g03900.1,30,13,1.206450877,0.001092979
LOC_Os02g35190.2,128,56,1.192645078,1.04E-11
LOC_Os04g31690.1,32,14,1.192645078,0.000901643
LOC_Os01g73990.1,16,7,1.192645078,0.020107107
LOC_Os03g17180.1,41,18,1.187627003,0.000185934
LOC_Os12g06800.1,25,11,1.184424571,0.003780784
LOC_Os03g21000.1,43,19,1.178337241,0.00010191
LOC_Os03g44230.1,63,28,1.169925001,3.77E-06
LOC_Os10g18340.1,36,16,1.169925001,0.000412975
LOC_Os01g18800.1,27,12,1.169925001,0.003183261
LOC_Os01g09320.1,18,8,1.169925001,0.016398565
LOC_Os08g15080.1,9,4,1.169925001,0.09504445
LOC_Os06g08080.1,157,70,1.165337732,1.15E-13
LOC_Os12g42980.1,56,25,1.163498732,9.89E-06
LOC_Os03g02970.1,38,17,1.160464672,0.000337508
LOC_Os07g43360.1,29,13,1.157541277,0.001701236
LOC_Os02g58090.1,20,9,1.152003093,0.013685332
LOC_Os04g57550.1,73,33,1.14543044,6.51E-07
LOC_Os07g47620.1,33,15,1.137503524,0.00115794
LOC_Os05g32570.1,22,10,1.137503524,0.007183077
LOC_Os09g19640.1,11,5,1.137503524,0.075813161
LOC_Os11g34450.1,175,80,1.129283017,1.36E-14
LOC_Os09g26700.1,24,11,1.125530882,0.005826702
LOC_Os05g24550.1,91,42,1.115477217,3.85E-08
LOC_Os03g59360.1,26,12,1.115477217,0.004837043
LOC_Os09g24990.2,13,6,1.115477217,0.061916569
LOC_Os04g32020.1,71,33,1.105353,1.49E-06
LOC_Os07g30100.1,30,14,1.099535674,0.002120757
LOC_Os02g34600.1,15,7,1.099535674,0.031611361
LOC_Os01g48960.1,107,50,1.097610797,3.96E-09
LOC_Os07g29410.1,62,29,1.096215315,7.19E-06
LOC_Os07g31850.1,32,15,1.093109404,0.001750036
LOC_Os06g06030.1,49,23,1.091147888,7.38E-05
LOC_Os02g50799.1,34,16,1.087462841,0.000978648
LOC_Os01g16540.1,17,8,1.087462841,0.025353655
LOC_Os05g16660.1,19,9,1.078002512,0.020806168
LOC_Os11g33120.3,40,19,1.074000581,0.000539714
LOC_Os01g01700.1,21,10,1.070389328,0.011113935
LOC_Os03g26960.1,65,31,1.068171503,7.19E-06
LOC_Os12g24080.1,88,42,1.067114196,1.92E-07
LOC_Os05g47560.1,67,32,1.06608919,6.04E-06
LOC_Os07g47510.1,50,24,1.058893689,9.03E-05
LOC_Os09g07830.1,25,12,1.058893689,0.007299706
LOC_Os08g09250.2,129,62,1.057030945,3.03E-10
LOC_Os05g44310.1,27,13,1.054447784,0.004030614
LOC_Os05g10770.1,31,15,1.047305715,0.002629676
LOC_Os05g06440.1,35,17,1.041820176,0.001187335
LOC_Os11g10420.1,37,18,1.039528364,0.000964892
LOC_Os04g24600.1,93,46,1.015596855,1.96E-07
LOC_Os06g02540.1,48,24,1,0.000200966
LOC_Os04g41470.1,46,23,1,0.000365689
LOC_Os11g34460.2,42,21,1,0.000534572
LOC_Os01g45274.2,40,20,1,0.000666042
LOC_Os11g32470.1,20,10,1,0.017017329
LOC_Os06g51290.3,18,9,1,0.031330582
LOC_Os06g30970.1,16,8,1,0.038752734
LOC_Os12g40190.1,14,7,1,0.04902433
LOC_Os01g65320.1,12,6,1,0.094237712
LOC_Os03g05720.1,10,5,1,0.117988047
LOC_Os04g34440.1,8,4,1,0.151564778
LOC_Os03g36730.1,6,3,1,0.20097047
LOC_Os01g47770.2,2,1,1,0.589760571
LOC_Os09g31400.1,4,2,1,0.417521697
LOC_Os02g52390.1,264,133,0.989111684,2.63E-18
LOC_Os02g27030.1,302,153,0.981016897,1.41E-20
LOC_Os03g16860.1,57,29,0.974909019,7.47E-05
LOC_Os06g19960.1,55,28,0.974004791,9.10E-05
LOC_Os03g18130.3,43,22,0.966833136,0.000643705
LOC_Os11g34350.1,84,43,0.966052668,1.57E-06
LOC_Os03g09100.1,39,20,0.963474124,0.001446212
LOC_Os08g14330.1,37,19,0.961525852,0.001738806
LOC_Os09g07120.1,48,25,0.941106311,0.000353128
LOC_Os11g10100.1,23,12,0.938599455,0.016236766
LOC_Os02g58410.1,44,23,0.935869663,0.000774842
LOC_Os01g53680.1,21,11,0.932885804,0.020244905
LOC_Os09g02214.1,57,30,0.925999419,0.000130553
LOC_Os03g01014.1,34,18,0.91753784,0.00313872
LOC_Os03g17300.4,17,9,0.91753784,0.046673427
LOC_Os03g21040.2,147,78,0.914270126,6.01E-10
LOC_Os03g17570.5,32,17,0.912537159,0.003947947
LOC_Os03g60150.2,30,16,0.906890596,0.006951129
LOC_Os06g45910.1,15,8,0.906890596,0.058478017
LOC_Os04g51910.1,58,31,0.903784685,0.00010869
LOC_Os01g27150.2,43,23,0.902702799,0.001120573
LOC_Os01g56880.1,28,15,0.900464326,0.008570307
LOC_Os03g53960.2,41,22,0.898120386,0.001372012
LOC_Os05g35170.4,26,14,0.893084796,0.010764897
LOC_Os02g37000.1,13,7,0.893084796,0.074878118
LOC_Os03g31010.1,11,6,0.874469118,0.141285657
LOC_Os01g39260.1,42,23,0.868755467,0.001612823
LOC_Os03g14690.1,100,55,0.862496476,9.12E-07
LOC_Os10g41780.3,20,11,0.862496476,0.030047752
LOC_Os02g08480.1,29,16,0.857980995,0.010075077
LOC_Os06g13650.1,36,20,0.847996907,0.004336876
LOC_Os11g38670.1,27,15,0.847996907,0.012512507
LOC_Os07g01940.1,18,10,0.847996907,0.055313498
LOC_Os06g44370.1,9,5,0.847996907,0.180235928
LOC_Os05g23740.1,156,87,0.842458723,1.22E-09
LOC_Os11g10480.2,34,19,0.839535328,0.005332143
LOC_Os09g34970.1,25,14,0.836501268,0.015813714
LOC_Os03g15350.1,16,9,0.830074999,0.068697452
LOC_Os03g04169.1,21,12,0.807354922,0.034805922
LOC_Os09g07380.1,7,4,0.807354922,0.236131083
LOC_Os08g45010.1,143,82,0.802319332,1.78E-08
LOC_Os03g52170.1,66,38,0.796466606,0.000152037
LOC_Os03g22430.1,33,19,0.796466606,0.007646243
LOC_Os07g36140.1,26,15,0.793549123,0.01810912
LOC_Os07g36470.1,71,41,0.792195115,8.30E-05
LOC_Os02g07260.2,173,100,0.790772038,7.26E-10
LOC_Os05g36290.1,38,22,0.788495895,0.004093658
LOC_Os12g29660.1,19,11,0.788495895,0.044078585
LOC_Os06g02240.1,12,7,0.777607579,0.112436005
LOC_Os05g04630.1,65,38,0.7744403,0.000212966
LOC_Os05g37690.1,29,17,0.770518154,0.016718501
LOC_Os05g05230.1,34,20,0.765534746,0.0087585
LOC_Os02g47650.1,17,10,0.765534746,0.079587262
LOC_Os03g04440.2,39,23,0.761840263,0.004655721
LOC_Os07g08840.1,66,39,0.7589919,0.000243802
LOC_Os01g06310.1,22,13,0.7589919,0.040037529
LOC_Os07g09600.1,71,42,0.757429697,0.000132417
LOC_Os01g08700.1,123,73,0.752689946,3.91E-07
LOC_Os06g06560.1,75,45,0.736965594,0.000100781
LOC_Os01g67290.1,10,6,0.736965594,0.208154891
LOC_Os02g51110.1,5,3,0.736965594,0.479936728
LOC_Os02g41590.1,88,53,0.731511164,2.80E-05
LOC_Os03g06740.1,48,29,0.726981506,0.002636694
LOC_Os02g11050.1,99,60,0.722466024,9.61E-06
LOC_Os11g09280.1,56,34,0.719892081,0.00093657
LOC_Os03g52150.1,28,17,0.719892081,0.023523162
LOC_Os03g24339.1,23,14,0.716207034,0.045733925
LOC_Os08g31470.1,64,39,0.714597781,0.000466417
LOC_Os05g50840.1,36,22,0.710493383,0.008213546
LOC_Os03g51900.1,18,11,0.710493383,0.063844254
LOC_Os03g61130.1,75,46,0.705256734,0.000156526
LOC_Os03g39640.2,26,16,0.700439718,0.029234356
LOC_Os04g02830.1,13,8,0.700439718,0.127354429
LOC_Os02g07120.1,34,21,0.695145418,0.013926632
LOC_Os10g32920.1,21,13,0.691877705,0.056715665
LOC_Os06g45120.1,121,75,0.690044547,1.76E-06
LOC_Os06g13810.3,58,36,0.688055994,0.001182435
LOC_Os12g41400.1,29,18,0.688055994,0.026663284
LOC_Os02g02290.1,82,51,0.685126663,0.000108111
LOC_Os03g03910.1,125,78,0.680382066,1.80E-06
LOC_Os08g32850.1,40,25,0.678071905,0.008298413
LOC_Os01g52250.4,501,315,0.669458775,1.05E-21
LOC_Os02g01490.1,19,12,0.662965013,0.071394961
LOC_Os05g41900.3,30,19,0.658963082,0.021536277
LOC_Os05g33390.1,52,33,0.656045599,0.002991386
LOC_Os05g49890.3,107,68,0.654004145,1.29E-05
LOC_Os06g47890.2,33,21,0.652076697,0.019232425
LOC_Os02g38980.3,22,14,0.652076697,0.063757875
LOC_Os10g39790.3,11,7,0.652076697,0.235040862
LOC_Os04g32020.3,105,67,0.648156327,2.10E-05
LOC_Os03g03610.2,36,23,0.646363045,0.012703412
LOC_Os01g18630.1,75,48,0.64385619,0.000363341
LOC_Os02g37080.1,25,16,0.64385619,0.040946185
LOC_Os01g17180.1,39,25,0.641546029,0.011373893
LOC_Os11g41900.1,28,18,0.637429921,0.036729892
LOC_Os05g50550.1,14,9,0.637429921,0.142743641
LOC_Os03g48140.1,54,35,0.625604485,0.002707749
LOC_Os05g40420.1,37,24,0.624490865,0.014027972
LOC_Os09g35710.2,20,13,0.621488377,0.079442195
LOC_Os02g47510.1,43,28,0.618909833,0.008321426
LOC_Os11g26910.1,46,30,0.61667136,0.007537553
LOC_Os04g50660.1,23,15,0.61667136,0.051746137
LOC_Os07g32570.2,49,32,0.614709844,0.004967362
LOC_Os07g34570.1,505,330,0.613817363,4.84E-20
LOC_Os11g11000.3,78,51,0.612976877,0.00036382
LOC_Os03g22490.2,26,17,0.612976877,0.045385439
LOC_Os09g28390.1,29,19,0.610053482,0.029903036
LOC_Os06g07830.1,32,21,0.607682577,0.026362424
LOC_Os02g55140.1,70,46,0.605721061,0.000738724
LOC_Os07g31370.1,35,23,0.605721061,0.017498898
LOC_Os07g01760.1,144,95,0.600069393,1.69E-06
LOC_Os12g08810.1,62,41,0.596644306,0.001978863
LOC_Os04g57300.1,74,49,0.594743522,0.000725484
LOC_Os02g07870.1,116,77,0.591194454,1.75E-05
LOC_Os05g49200.1,131,87,0.590479506,5.90E-06
LOC_Os09g38030.1,54,36,0.584962501,0.004018992
LOC_Os03g51650.1,39,26,0.584962501,0.017099834
LOC_Os01g01790.1,33,22,0.584962501,0.02911506
LOC_Os02g34510.1,30,20,0.584962501,0.032753145
LOC_Os02g52250.1,27,18,0.584962501,0.050168757
LOC_Os05g01560.1,9,6,0.584962501,0.30055112
LOC_Os06g23160.1,6,4,0.584962501,0.357888847
LOC_Os03g39407.1,3,2,0.584962501,0.662011918
LOC_Os02g13840.1,116,78,0.572578776,2.53E-05
LOC_Os04g51630.2,55,37,0.571906348,0.004400481
LOC_Os11g06890.1,104,70,0.571156701,6.76E-05
LOC_Os02g12580.1,52,35,0.571156701,0.004965439
LOC_Os01g59510.1,46,31,0.569365646,0.008328158
LOC_Os02g48110.1,37,25,0.565597176,0.020956853
LOC_Os03g25940.4,145,98,0.565199246,2.94E-06
LOC_Os10g33800.2,170,115,0.563900885,4.63E-07
LOC_Os04g56530.1,34,23,0.563900885,0.032101564
LOC_Os05g51590.1,31,21,0.561878888,0.03585022
LOC_Os02g35470.1,59,40,0.560714954,0.003233388
LOC_Os03g02260.1,28,19,0.559427409,0.055290073
LOC_Os03g63480.1,50,34,0.556393349,0.008059915
LOC_Os08g33540.1,25,17,0.556393349,0.062156649
LOC_Os02g56180.1,23,16,0.523561956,0.077851693
LOC_Os01g37910.1,56,39,0.521952703,0.006967074
LOC_Os04g36760.1,53,37,0.518467089,0.007783582
LOC_Os10g08550.5,156,109,0.517217894,4.19E-06
LOC_Os04g57880.1,50,35,0.514573173,0.011641044
LOC_Os04g57890.1,30,21,0.514573173,0.048343868
LOC_Os01g46510.1,20,14,0.514573173,0.119933691
LOC_Os01g40050.2,10,7,0.514573173,0.329559097
LOC_Os06g36700.1,57,40,0.510961919,0.005716981
LOC_Os06g02380.1,208,146,0.510615159,1.33E-07
LOC_Os02g48790.1,27,19,0.506959989,0.07399377
LOC_Os08g39080.1,17,12,0.502500341,0.139039225
LOC_Os01g67320.1,41,29,0.499571009,0.022046063
LOC_Os05g07050.1,69,49,0.493814613,0.002931566
LOC_Os05g44050.1,38,27,0.493040011,0.033128543
LOC_Os03g20700.1,45,32,0.491853096,0.016077219
LOC_Os10g35840.1,59,42,0.490325627,0.006630959
LOC_Os07g46160.1,35,25,0.485426827,0.037534163
LOC_Os08g02210.2,21,15,0.485426827,0.13029785
LOC_Os01g72890.2,14,10,0.485426827,0.218633717
LOC_Os06g06290.1,7,5,0.485426827,0.392631489
LOC_Os05g06770.1,18,13,0.469485283,0.150118628
LOC_Os02g36570.1,58,42,0.465663572,0.008657246
LOC_Os09g31970.1,38,28,0.440572591,0.046749281
LOC_Os01g68750.1,19,14,0.440572591,0.161537614
LOC_Os01g49370.1,42,31,0.438121112,0.033447081
LOC_Os05g05470.1,65,48,0.437405312,0.007776527
LOC_Os07g45064.1,46,34,0.436099115,0.024158328
LOC_Os09g29239.1,23,17,0.436099115,0.112957828
LOC_Os06g48640.2,27,20,0.432959407,0.080382464
LOC_Os12g13460.1,31,23,0.430634354,0.074346666
LOC_Os05g14170.1,43,32,0.426264755,0.035843486
LOC_Os03g13970.1,59,44,0.423211431,0.012836963
LOC_Os03g14980.2,67,50,0.422233001,0.006857636
LOC_Os03g05730.1,68,51,0.415037499,0.007286567
LOC_Os05g51560.2,40,30,0.415037499,0.040694601
LOC_Os11g24540.1,32,24,0.415037499,0.079628448
LOC_Os02g46610.1,24,18,0.415037499,0.120732198
LOC_Os11g38900.1,20,15,0.415037499,0.17322745
LOC_Os09g30130.2,16,12,0.415037499,0.189789277
LOC_Os06g13810.1,12,9,0.415037499,0.277650125
LOC_Os07g37640.1,8,6,0.415037499,0.424011311
LOC_Os01g11054.1,163,124,0.394531844,3.94E-05
LOC_Os03g38980.2,21,16,0.392317423,0.185124286
LOC_Os07g47500.1,59,45,0.390789953,0.017487573
LOC_Os02g57710.1,72,55,0.388565288,0.007256595
LOC_Os01g13370.1,17,13,0.387023123,0.202118681
LOC_Os03g59740.1,30,23,0.38332864,0.096763014
LOC_Os12g12850.1,305,234,0.382300713,3.20E-08
LOC_Os05g47550.1,26,20,0.378511623,0.13721056
LOC_Os08g24760.1,13,10,0.378511623,0.29662392
LOC_Os03g22570.1,48,37,0.375509135,0.037538033
LOC_Os07g31380.1,22,17,0.371968777,0.149686273
LOC_Os03g40110.1,31,24,0.36923381,0.102789327
LOC_Os02g41470.1,40,31,0.367731785,0.055725144
LOC_Os06g10620.1,67,52,0.365649472,0.01252481
LOC_Os03g57840.2,63,49,0.362570079,0.017106339
LOC_Os01g67054.3,45,35,0.362570079,0.042608306
LOC_Os04g04950.1,18,14,0.362570079,0.214692829
LOC_Os03g60740.1,9,7,0.362570079,0.452361627
LOC_Os05g40820.3,41,32,0.357552005,0.058958495
LOC_Os01g67000.1,32,25,0.35614381,0.084728788
LOC_Os06g51084.1,23,18,0.353636955,0.158394263
LOC_Os07g46370.1,37,29,0.351472371,0.064427788
LOC_Os10g40780.3,42,33,0.347923303,0.062382168
LOC_Os12g29550.1,28,22,0.347923303,0.118334525
LOC_Os08g36840.1,14,11,0.347923303,0.315184673
LOC_Os03g38000.2,89,70,0.346450414,0.005078634
LOC_Os05g33810.1,19,15,0.341036918,0.227432119
LOC_Os12g44310.2,87,69,0.334419039,0.006041236
LOC_Os02g49800.1,58,46,0.334419039,0.023494594
LOC_Os07g37560.1,29,23,0.334419039,0.12481129
LOC_Os03g12030.1,39,31,0.331205908,0.071182948
LOC_Os02g46520.1,15,12,0.321928095,0.333256618
LOC_Os02g43350.1,46,37,0.31410859,0.059905917
LOC_Os02g34810.1,82,66,0.313157885,0.010156235
LOC_Os05g03760.1,36,29,0.311944006,0.104091801
LOC_Os11g01380.1,191,154,0.310642287,7.30E-05
LOC_Os05g45420.3,57,46,0.309328058,0.036877921
LOC_Os07g30970.2,26,21,0.308122295,0.145487906
LOC_Os02g07720.3,47,38,0.306661338,0.050194572
LOC_Os02g16000.2,21,17,0.304854582,0.195920802
LOC_Os08g10020.2,74,60,0.30256277,0.014915047
LOC_Os10g32970.1,32,26,0.299560282,0.1142283
LOC_Os04g38680.1,16,13,0.299560282,0.268021075
LOC_Os02g14770.1,280,228,0.296393003,2.55E-06
LOC_Os01g64960.1,124,101,0.295984828,0.001969634
LOC_Os02g56000.1,33,27,0.289506617,0.119501653
LOC_Os01g72880.1,22,18,0.289506617,0.205387492
LOC_Os01g69970.1,11,9,0.289506617,0.37614811
LOC_Os06g51150.2,138,113,0.288345494,0.001164868
LOC_Os03g12670.3,94,77,0.287802311,0.007062127
LOC_Os06g49110.3,39,32,0.285402219,0.094398734
LOC_Os12g44380.3,45,37,0.282399731,0.074997207
LOC_Os08g30790.3,51,42,0.280107919,0.059871348
LOC_Os04g31070.1,17,14,0.280107919,0.281290487
LOC_Os03g41419.1,86,71,0.276517635,0.012608164
LOC_Os08g09100.1,46,38,0.275634443,0.078458347
LOC_Os01g59980.1,23,19,0.275634443,0.215105461
LOC_Os12g01520.2,52,43,0.274174963,0.050329227
LOC_Os05g06430.2,35,29,0.271302022,0.130771458
LOC_Os04g52730.1,41,34,0.270089163,0.103288068
LOC_Os04g39020.1,88,73,0.26960706,0.011189099
LOC_Os10g35710.1,12,10,0.263034406,0.395063924
LOC_Os09g32650.1,25,21,0.251538767,0.235111688
LOC_Os08g09940.1,44,37,0.249978253,0.093296243
LOC_Os09g33480.1,38,32,0.247927513,0.118157728
LOC_Os12g18630.1,19,16,0.247927513,0.30792043
LOC_Os01g59080.1,32,27,0.245112498,0.150731497
LOC_Os03g07300.1,65,55,0.2410081,0.042961608
LOC_Os08g34950.1,39,33,0.2410081,0.122943372
LOC_Os03g54920.1,26,22,0.2410081,0.194085137
LOC_Os02g22020.1,13,11,0.2410081,0.413318993
LOC_Os03g58230.1,33,28,0.237039197,0.156749856
LOC_Os04g58880.1,60,51,0.234465254,0.05573747
LOC_Os10g41550.1,20,17,0.234465254,0.25311025
LOC_Os03g46770.1,1074,913,0.234307228,4.60E-17
LOC_Os05g43252.2,7,6,0.222392421,0.582502865
LOC_Os07g22640.4,14,12,0.222392421,0.430867776
LOC_Os05g33310.1,50,43,0.217591435,0.094609826
LOC_Os12g05650.1,30,26,0.206450877,0.182236647
LOC_Os03g42130.1,15,13,0.206450877,0.34967589
LOC_Os03g42220.1,76,66,0.203533394,0.035001272
LOC_Os07g43900.1,23,20,0.201633861,0.283504987
LOC_Os09g00999.1,195,170,0.197939378,0.000883374
LOC_Os03g16440.1,55,48,0.196397213,0.091504721
LOC_Os09g02700.1,64,56,0.192645078,0.065879155
LOC_Os07g05570.1,32,28,0.192645078,0.19484732
LOC_Os03g60620.1,24,21,0.192645078,0.293916876
LOC_Os09g29810.1,8,7,0.192645078,0.606134926
LOC_Os03g52310.1,16,14,0.192645078,0.362964385
LOC_Os12g01390.1,107,94,0.186878135,0.015749491
LOC_Os06g05660.1,25,22,0.184424571,0.244588556
LOC_Os04g46620.1,34,30,0.180572246,0.208346023
LOC_Os10g41440.1,17,15,0.180572246,0.376210759
LOC_Os08g03290.1,674,595,0.179858923,1.85E-09
LOC_Os03g55389.1,43,38,0.178337241,0.146061268
LOC_Os02g42040.1,35,31,0.175086707,0.175582456
LOC_Os03g17310.1,54,48,0.169925001,0.110593788
LOC_Os01g07760.1,45,40,0.169925001,0.128066372
LOC_Os04g40850.1,36,32,0.169925001,0.180883038
LOC_Os09g17730.2,9,8,0.169925001,0.627080764
LOC_Os12g22030.1,18,16,0.169925001,0.389341701
LOC_Os10g33680.1,28,25,0.163498732,0.26923782
LOC_Os06g07080.1,47,42,0.162271429,0.135585447
LOC_Os03g04410.1,57,51,0.160464672,0.099785949
LOC_Os06g09890.5,38,34,0.160464672,0.192126216
LOC_Os02g53140.1,19,17,0.160464672,0.402302847
LOC_Os03g18810.1,29,26,0.157541277,0.277801164
LOC_Os07g10830.1,39,35,0.156119202,0.198038463
LOC_Os05g41060.1,60,54,0.152003093,0.090505615
LOC_Os04g32330.1,50,45,0.152003093,0.122613019
LOC_Os03g06240.2,164,148,0.148098639,0.005230986
LOC_Os03g21740.1,41,37,0.148098639,0.172485516
LOC_Os03g53190.1,31,28,0.146841388,0.240044932
LOC_Os08g10570.1,21,19,0.144389909,0.342734603
LOC_Os04g53440.2,32,29,0.142019005,0.246961825
LOC_Os02g01070.1,11,10,0.137503524,0.515686683
LOC_Os03g06410.1,33,30,0.137503524,0.254066546
LOC_Os03g22810.1,22,20,0.137503524,0.353029352
LOC_Os03g61220.2,122,111,0.136321471,0.020878744
LOC_Os11g43970.1,68,62,0.133266531,0.093315787
LOC_Os10g35010.1,34,31,0.133266531,0.261335912
LOC_Os06g01390.1,46,42,0.131244533,0.16378203
LOC_Os05g05710.1,35,32,0.129283017,0.221102903
LOC_Os09g26730.1,12,11,0.125530882,0.532005188
LOC_Os06g03990.1,13,12,0.115477217,0.547529354
LOC_Os08g02640.4,26,24,0.115477217,0.321146687
LOC_Os12g34108.1,40,37,0.112474729,0.208702238
LOC_Os02g21970.1,41,38,0.109624491,0.213738662
LOC_Os09g38530.1,14,13,0.106915204,0.562271291
LOC_Os06g05880.1,57,53,0.10496956,0.150027312
LOC_Os03g22690.1,29,27,0.103093493,0.286182749
LOC_Os11g46240.1,15,14,0.099535674,0.460812753
LOC_Os05g33360.1,30,28,0.099535674,0.292992309
LOC_Os03g59020.1,48,45,0.093109404,0.210454709
LOC_Os09g28910.2,16,15,0.093109404,0.473145735
LOC_Os12g43950.2,32,30,0.093109404,0.307188318
LOC_Os05g23620.2,33,31,0.090197809,0.314520716
LOC_Os02g20930.1,17,16,0.087462841,0.485300769
LOC_Os01g60040.2,35,33,0.084888898,0.273865806
LOC_Os06g43760.1,53,50,0.084064265,0.166967542
LOC_Os04g40950.3,144,136,0.08246216,0.025933222
LOC_Os05g09490.1,36,34,0.08246216,0.27993456
LOC_Os02g43830.1,18,17,0.08246216,0.497227841
LOC_Os03g44484.1,74,70,0.080170349,0.11140911
LOC_Os02g03860.1,37,35,0.080170349,0.286177634
LOC_Os05g33280.1,95,90,0.078002512,0.075658005
LOC_Os06g04030.1,57,54,0.078002512,0.181096883
LOC_Os01g56350.1,19,18,0.078002512,0.414706663
LOC_Os05g02220.5,20,19,0.074000581,0.424442011
LOC_Os03g53670.2,21,20,0.070389328,0.434248244
LOC_Os07g46460.1,109,104,0.067744607,0.062522467
LOC_Os11g01872.1,22,21,0.067114196,0.444072895
LOC_Os12g05050.1,45,43,0.065588342,0.238887503
LOC_Os06g13820.1,23,22,0.064130337,0.453873892
LOC_Os07g48490.2,24,23,0.061400545,0.383127886
LOC_Os12g33080.1,25,24,0.058893689,0.391187388
LOC_Os01g56580.2,26,25,0.056583528,0.399382006
LOC_Os08g44050.3,28,27,0.05246742,0.4160304
LOC_Os12g43370.1,29,28,0.050626073,0.354198564
LOC_Os06g48750.1,61,59,0.048094288,0.198429216
LOC_Os01g08270.1,31,30,0.047305715,0.368150001
LOC_Os01g43520.1,33,32,0.044394119,0.382627494
LOC_Os12g07140.1,35,34,0.041820176,0.333881894
LOC_Os05g05240.1,36,35,0.040641984,0.340076782
LOC_Os12g36670.1,37,36,0.039528364,0.346415729
LOC_Os06g44450.1,87,85,0.03355256,0.125220267
LOC_Os02g57040.1,45,44,0.032421478,0.286809843
LOC_Os04g55650.2,141,138,0.031026896,0.053749801
LOC_Os01g73250.1,64,63,0.022720077,0.21156582
LOC_Os01g65080.1,77,76,0.018859027,0.167195554
LOC_Os11g06020.1,104,104,0,0.125276743
LOC_Os07g37750.1,60,60,0,0.27046032
LOC_Os03g59620.1,19,19,0,0.518577488
LOC_Os02g57190.1,20,20,0,0.527357817
LOC_Os04g59494.2,21,21,0,0.536132593
LOC_Os06g44150.1,22,22,0,0.544861226
LOC_Os09g36270.2,24,24,0,0.471219477
LOC_Os09g39500.1,15,15,0,0.585554787
LOC_Os02g40830.2,42,42,0,0.326064863
LOC_Os04g22470.1,2,2,0,1
LOC_Os07g39880.1,1,1,0,1
LOC_Os12g43130.1,6,6,0,0.776378797
LOC_Os07g07690.1,4,4,0,1
LOC_Os02g36380.2,31,31,0,0.444007057
LOC_Os06g43560.1,11,11,0,0.671145283
LOC_Os05g42210.1,7,7,0,0.790430352
LOC_Os02g22060.1,5,5,0,0.760104678
LOC_Os03g62370.1,29,29,0,0.430513977
LOC_Os12g03090.1,28,28,0,0.42396914
LOC_Os04g44910.1,8,8,0,0.802674019
LOC_Os07g49260.1,9,9,0,0.645422974
LOC_Os03g44580.3,3,3,0,1
LOC_Os02g47970.1,45,45,0,0.340293362
LOC_Os01g15600.1,18,18,0,0.615669638
LOC_Os06g09630.1,13,13,0,0.694102999
LOC_Os02g50860.1,12,12,0,0.682963624
LOC_Os02g54990.2,87,88,-0.016488123,0.196059668
LOC_Os09g39380.1,71,72,-0.020177882,0.239635819
LOC_Os02g06640.1,128,130,-0.022367813,0.117359273
LOC_Os04g39489.1,52,53,-0.027480736,0.327555672
LOC_Os08g41460.8,51,52,-0.028014376,0.323781588
LOC_Os08g25720.1,45,46,-0.03170886,0.399165402
LOC_Os03g52690.1,78,80,-0.036525876,0.262475432
LOC_Os01g05800.2,108,111,-0.039528364,0.174185178
LOC_Os05g34830.1,31,32,-0.04580369,0.526777545
LOC_Os02g53770.1,57,59,-0.049753035,0.351032089
LOC_Os07g49150.1,55,57,-0.051530301,0.344037599
LOC_Os01g39310.1,27,28,-0.05246742,0.587873986
LOC_Os08g41300.1,25,26,-0.056583528,0.574438079
LOC_Os02g58560.1,24,25,-0.058893689,0.567751853
LOC_Os03g08010.1,72,75,-0.058893689,0.319541586
LOC_Os05g38400.3,94,98,-0.060120992,0.245594599
LOC_Os11g01510.3,47,49,-0.060120992,0.412769485
LOC_Os07g12170.1,67,70,-0.063193826,0.344684972
LOC_Os08g02690.1,22,23,-0.064130337,0.653362601
LOC_Os01g51200.2,65,68,-0.065095028,0.338385812
LOC_Os09g01000.1,1406,1471,-0.065200652,6.12E-06
LOC_Os02g58020.1,42,44,-0.067114196,0.449378593
LOC_Os02g58340.1,21,22,-0.067114196,0.646298383
LOC_Os11g34210.1,20,21,-0.070389328,0.639156578
LOC_Os04g51690.1,39,41,-0.072149786,0.500473237
LOC_Os03g43760.1,38,40,-0.074000581,0.495629594
LOC_Os04g39880.2,18,19,-0.078002512,0.62476019
LOC_Os08g33820.1,251,265,-0.078304995,0.076230432
LOC_Os01g54560.1,52,55,-0.080919995,0.437307528
LOC_Os01g48370.1,17,18,-0.08246216,0.734483435
LOC_Os10g32880.1,29,31,-0.096215315,0.604624797
LOC_Os02g55340.1,28,30,-0.099535674,0.599330744
LOC_Os07g18120.1,14,15,-0.099535674,0.712515394
LOC_Os03g31750.1,68,73,-0.102361718,0.398341759
LOC_Os03g58700.1,27,29,-0.103093493,0.5941233
LOC_Os02g33610.2,39,42,-0.106915204,0.576733403
LOC_Os04g49510.1,13,14,-0.106915204,0.84697539
LOC_Os01g36930.1,24,26,-0.115477217,0.671010977
LOC_Os11g09329.1,35,38,-0.118644496,0.638039137
LOC_Os11g03730.2,23,25,-0.120294234,0.66564353
LOC_Os06g49120.2,32,35,-0.129283017,0.624888297
LOC_Os02g48010.1,21,23,-0.131244533,0.762198864
LOC_Os04g42090.4,260,286,-0.137503524,0.16825497
LOC_Os03g58050.1,38,42,-0.144389909,0.653385351
LOC_Os06g11380.1,19,21,-0.144389909,0.752093682
LOC_Os01g49190.1,132,146,-0.14543044,0.365478421
LOC_Os08g13690.1,56,62,-0.146841388,0.57883791
LOC_Os03g12290.1,73,81,-0.150025444,0.517132994
LOC_Os04g44430.1,18,20,-0.152003093,0.746973766
LOC_Os01g47410.1,27,30,-0.152003093,0.691512824
LOC_Os03g50540.1,79,88,-0.15565087,0.533577218
LOC_Os04g35570.2,26,29,-0.157541277,0.786490986
LOC_Os05g33570.2,439,490,-0.158560809,0.120368413
LOC_Os09g39680.1,43,48,-0.158697746,0.673486514
LOC_Os04g59460.1,17,19,-0.160464672,0.867175653
LOC_Os04g44830.1,42,47,-0.162271429,0.670292192
LOC_Os02g02390.1,25,28,-0.163498732,0.782731728
LOC_Os07g08330.1,57,64,-0.167109986,0.647676723
LOC_Os12g07210.1,8,9,-0.169925001,1
LOC_Os03g36930.1,24,27,-0.169925001,0.778958482
LOC_Os11g47760.5,277,313,-0.176276681,0.281250415
LOC_Os01g09246.1,38,43,-0.178337241,0.73774855
LOC_Os08g27840.1,45,51,-0.180572246,0.682254921
LOC_Os02g54160.1,43,49,-0.188445089,0.753261745
LOC_Os01g05470.1,7,8,-0.192645078,1
LOC_Os03g03130.2,28,32,-0.192645078,0.795771103
LOC_Os02g06700.2,14,16,-0.192645078,0.855840807
LOC_Os04g38410.1,55,63,-0.19592021,0.711370087
LOC_Os02g17390.1,48,55,-0.196397213,0.693188835
LOC_Os10g41960.1,54,62,-0.199308808,0.709233528
LOC_Os03g26630.2,20,23,-0.201633861,0.878459884
LOC_Os03g56300.1,40,46,-0.201633861,0.745867165
LOC_Os06g37180.1,238,274,-0.20321432,0.423412829
LOC_Os01g69950.1,32,37,-0.209453366,0.809255648
LOC_Os01g08420.1,19,22,-0.211504105,0.875840055
LOC_Os03g11240.1,25,29,-0.214124805,0.891311801
LOC_Os06g48590.1,31,36,-0.215728691,0.8068974
LOC_Os04g36660.1,18,21,-0.222392421,0.87319023
LOC_Os02g35080.2,12,14,-0.222392421,1
LOC_Os05g07700.1,29,34,-0.229481846,0.899314891
LOC_Os03g58430.1,23,27,-0.231325546,0.887428837
LOC_Os06g15990.1,92,108,-0.231325546,0.722405805
LOC_Os04g57220.2,119,140,-0.234465254,0.707709662
LOC_Os04g56520.1,17,20,-0.234465254,0.870523555
LOC_Os11g06720.1,95,112,-0.237499314,0.727169453
LOC_Os09g31180.1,38,45,-0.243925583,0.912172925
LOC_Os12g41715.1,27,32,-0.245112498,0.896282931
LOC_Os09g17740.1,16,19,-0.247927513,1
LOC_Os07g46410.1,37,44,-0.249978253,0.911139066
LOC_Os04g46960.4,21,25,-0.251538767,0.883556546
LOC_Os04g40040.1,406,484,-0.25352732,0.589141446
LOC_Os12g01922.1,26,31,-0.253756592,0.894786322
LOC_Os07g08170.1,31,37,-0.255257055,0.903332528
LOC_Os08g42560.1,36,43,-0.256339753,0.910119461
LOC_Os05g14194.1,40,48,-0.263034406,0.914818572
LOC_Os06g04460.1,10,12,-0.263034406,1
LOC_Os03g08360.1,20,24,-0.263034406,1
LOC_Os03g37970.1,44,53,-0.268488836,0.918851417
LOC_Os05g01700.1,34,41,-0.270089163,0.908137737
LOC_Os07g10150.1,48,58,-0.273018494,0.922361939
LOC_Os02g04100.1,19,23,-0.275634443,1
LOC_Os06g02260.1,38,46,-0.275634443,0.913155864
LOC_Os10g28040.1,14,17,-0.280107919,1
LOC_Os04g57560.1,28,34,-0.280107919,1
LOC_Os11g07280.2,23,28,-0.283792966,1
LOC_Os08g19850.1,50,61,-0.286881148,1
LOC_Os03g04660.1,9,11,-0.289506617,1
LOC_Os03g13170.1,39,48,-0.299560282,1
LOC_Os05g09620.1,26,32,-0.299560282,1
LOC_Os03g51140.1,30,37,-0.30256277,1
LOC_Os07g38960.1,221,273,-0.304854582,1
LOC_Os12g35630.1,34,42,-0.304854582,1
LOC_Os03g10340.1,17,21,-0.304854582,1
LOC_Os09g36300.2,55,68,-0.306103128,1
LOC_Os03g08020.1,63,78,-0.308122295,1
LOC_Os08g05840.1,21,26,-0.308122295,1
LOC_Os03g47740.1,29,36,-0.311944006,1
LOC_Os01g05500.1,37,46,-0.31410859,1
LOC_Os12g30540.1,57,71,-0.316857105,1
LOC_Os01g57570.1,4,5,-0.321928095,1
LOC_Os03g55150.6,20,25,-0.321928095,1
LOC_Os10g27190.1,16,20,-0.321928095,1
LOC_Os09g39180.1,68,85,-0.321928095,1
LOC_Os01g68810.1,12,15,-0.321928095,1
LOC_Os03g23950.1,32,40,-0.321928095,1
LOC_Os07g05620.2,27,34,-0.332575339,1
LOC_Os08g44810.1,23,29,-0.334419039,1
LOC_Os11g47970.1,61,77,-0.336049203,0.93196078
LOC_Os04g20220.1,38,48,-0.337034987,1
LOC_Os09g19734.3,19,24,-0.337034987,1
LOC_Os03g64020.2,34,43,-0.338801913,1
LOC_Os12g17910.1,49,62,-0.339486466,0.924288871
LOC_Os04g46390.1,45,57,-0.341036918,0.921093336
LOC_Os03g19510.1,15,19,-0.341036918,1
LOC_Os09g33980.1,22,28,-0.347923303,1
LOC_Os01g50622.2,51,65,-0.349942471,0.925709542
LOC_Os02g46510.1,40,51,-0.350497247,0.916392795
LOC_Os05g22940.1,76,97,-0.351985329,0.87857894
LOC_Os08g44860.4,36,46,-0.353636955,0.912021522
LOC_Os05g01910.1,25,32,-0.35614381,1
LOC_Os02g47310.1,7,9,-0.362570079,1
LOC_Os10g35870.1,48,62,-0.36923381,0.848457029
LOC_Os07g47820.1,17,22,-0.371968777,1
LOC_Os11g40140.1,27,35,-0.374395515,0.898897666
LOC_Os04g14790.1,10,13,-0.378511623,1
LOC_Os07g06950.1,33,43,-0.381870635,0.908266874
LOC_Os05g05950.1,66,86,-0.381870635,0.806775132
LOC_Os05g28940.1,19,25,-0.395928676,0.880547336
LOC_Os01g03070.1,22,29,-0.398549376,0.888487545
LOC_Os04g56160.1,553,729,-0.398639334,0.272448902
LOC_Os03g20100.1,47,62,-0.399607459,0.773221282
LOC_Os12g07740.1,25,33,-0.40053793,0.89514694
LOC_Os04g52900.2,109,144,-0.401740677,0.658011271
LOC_Os07g38760.1,28,37,-0.402098444,0.900838472
LOC_Os05g43570.1,34,45,-0.404390255,0.821416712
LOC_Os11g11340.1,3,4,-0.415037499,1
LOC_Os03g59264.1,6,8,-0.415037499,1
LOC_Os01g70170.1,36,48,-0.415037499,0.826424288
LOC_Os03g07570.1,27,36,-0.415037499,0.801195297
LOC_Os06g37160.1,12,16,-0.415037499,1
LOC_Os10g21910.1,41,55,-0.423807709,0.758406526
LOC_Os03g08570.1,38,51,-0.424497829,0.749736068
LOC_Os08g42410.1,61,82,-0.426814667,0.674304899
LOC_Os02g05700.1,26,35,-0.428843299,0.797583497
LOC_Os01g14950.1,23,31,-0.430634354,0.785998318
LOC_Os03g12230.2,97,131,-0.433510159,0.548950974
LOC_Os03g38950.1,37,50,-0.434402824,0.746701474
LOC_Os01g61120.1,30,41,-0.450661409,0.721364276
LOC_Os04g16770.1,19,26,-0.452512205,0.766689004
LOC_Os03g50510.1,27,37,-0.454565863,0.708191065
LOC_Os07g42950.1,62,85,-0.455194626,0.56228751
LOC_Os08g06040.1,8,11,-0.459431619,1
LOC_Os11g14300.1,16,22,-0.459431619,0.870705547
LOC_Os08g23710.1,29,40,-0.4639471,0.717088927
LOC_Os12g18900.1,42,58,-0.465663572,0.61621907
LOC_Os06g02600.1,21,29,-0.465663572,0.776771856
LOC_Os03g13380.1,55,76,-0.4665678,0.59813006
LOC_Os05g34540.1,26,36,-0.469485283,0.703019316
LOC_Os03g03830.1,18,25,-0.473931188,0.760693406
LOC_Os02g38820.1,50,70,-0.485426827,0.52186387
LOC_Os05g38180.4,5,7,-0.485426827,1
LOC_Os01g43090.1,35,49,-0.485426827,0.660919281
LOC_Os06g06050.1,10,14,-0.485426827,0.839317694
LOC_Os08g37370.1,32,45,-0.491853096,0.647057666
LOC_Os03g23010.2,49,69,-0.493814613,0.517796492
LOC_Os05g47980.1,164,231,-0.494197037,0.224245711
LOC_Os01g56600.1,44,62,-0.494764692,0.558212705
LOC_Os01g61814.1,22,31,-0.494764692,0.680507406
LOC_Os04g42020.1,17,24,-0.497499659,0.754479624
LOC_Os01g24680.2,41,58,-0.500428991,0.545180339
LOC_Os02g10390.2,130,184,-0.501194143,0.256253519
LOC_Os04g02820.1,36,51,-0.502500341,0.590279623
LOC_Os02g35600.1,24,34,-0.502500341,0.692494559
LOC_Os03g16110.1,28,40,-0.514573173,0.626233516
LOC_Os03g50480.1,120,172,-0.519374159,0.238907353
LOC_Os01g27040.1,39,56,-0.521952703,0.536092586
LOC_Os06g51430.1,16,23,-0.523561956,0.748041969
LOC_Os01g22490.1,9,13,-0.530514717,0.831585274
LOC_Os05g41210.1,27,39,-0.530514717,0.620802097
LOC_Os04g58620.1,29,42,-0.534336428,0.552113668
LOC_Os07g37650.1,20,29,-0.5360529,0.667181499
LOC_Os12g14070.1,64,93,-0.539158811,0.336337602
LOC_Os03g28960.1,22,32,-0.540568381,0.58694205
LOC_Os04g31900.1,11,16,-0.540568381,0.704405044
LOC_Os02g48560.1,70,102,-0.543142325,0.318891955
LOC_Os03g07080.1,13,19,-0.547487795,0.723831592
LOC_Os02g28810.1,41,60,-0.549338591,0.425067718
LOC_Os02g47020.1,155,227,-0.550424082,0.11057956
LOC_Os03g10620.3,15,22,-0.552541023,0.741376761
LOC_Os02g15550.1,17,25,-0.556393349,0.643322306
LOC_Os02g02870.1,38,56,-0.559427409,0.467895629
LOC_Os05g19370.1,19,28,-0.559427409,0.660328666
LOC_Os07g44710.1,21,31,-0.561878888,0.578788784
LOC_Os07g23990.2,75,111,-0.565597176,0.238786512
LOC_Os03g42750.1,27,40,-0.567040593,0.539411169
LOC_Os02g09170.2,29,43,-0.56828376,0.47894878
LOC_Os05g25850.2,31,46,-0.569365646,0.492081821
LOC_Os01g38970.1,35,52,-0.571156701,0.450827213
LOC_Os01g43150.3,41,61,-0.573185333,0.372223105
LOC_Os01g60410.1,6,9,-0.584962501,0.799379528
LOC_Os10g40410.1,8,12,-0.584962501,0.823015872
LOC_Os01g61580.3,12,18,-0.584962501,0.714494311
LOC_Os02g50620.1,16,24,-0.584962501,0.63439207
LOC_Os07g37240.1,247,371,-0.586908145,0.018821959
LOC_Os05g06350.1,53,80,-0.59400764,0.295299093
LOC_Os03g07840.1,39,59,-0.59724083,0.361178824
LOC_Os03g31300.1,33,50,-0.59946207,0.37964359
LOC_Os03g14260.2,31,47,-0.600392541,0.425948576
LOC_Os02g57660.2,23,35,-0.605721061,0.509628337
LOC_Os06g02550.1,44,67,-0.606657572,0.295309159
LOC_Os04g20164.1,21,32,-0.607682577,0.492264321
LOC_Os08g38900.2,15,23,-0.61667136,0.62517406
LOC_Os01g47660.1,26,40,-0.621488377,0.457859699
LOC_Os02g04040.1,13,20,-0.621488377,0.602142596
LOC_Os10g31000.1,11,17,-0.628031223,0.704599226
LOC_Os06g51270.1,33,51,-0.628031223,0.380049625
LOC_Os04g28180.1,18,28,-0.637429921,0.463516705
LOC_Os05g48020.1,16,25,-0.64385619,0.531364747
LOC_Os07g30200.2,23,36,-0.646363045,0.432829518
LOC_Os08g37960.1,14,22,-0.652076697,0.508128458
LOC_Os07g41280.1,7,11,-0.652076697,0.813447599
LOC_Os02g50550.1,17,27,-0.667424661,0.451809732
LOC_Os02g51670.1,56,89,-0.668378509,0.155639741
LOC_Os06g09390.1,61,97,-0.669175505,0.128987695
LOC_Os08g37444.4,27,43,-0.671377253,0.337178068
LOC_Os03g08280.2,35,56,-0.678071905,0.247420897
LOC_Os01g54910.1,28,45,-0.684498174,0.29164958
LOC_Os07g46350.1,23,37,-0.68589141,0.364361368
LOC_Os01g46380.1,108,174,-0.688055994,0.031114648
LOC_Os12g13320.1,18,29,-0.688055994,0.463617604
LOC_Os07g45090.1,39,63,-0.691877705,0.196987172
LOC_Os07g06130.2,13,21,-0.691877705,0.494002651
LOC_Os12g37550.1,8,13,-0.700439718,0.662604852
LOC_Os02g44520.1,19,31,-0.706268797,0.394399095
LOC_Os02g11760.1,11,18,-0.710493383,0.576261019
LOC_Os05g48800.3,36,59,-0.712718048,0.215407729
LOC_Os02g58554.1,9,15,-0.736965594,0.542407955
LOC_Os01g39960.1,12,20,-0.736965594,0.479241806
LOC_Os03g01830.1,15,25,-0.736965594,0.427568192
LOC_Os11g03780.2,3,5,-0.736965594,0.73876108
LOC_Os02g18450.1,28,47,-0.74723393,0.245265802
LOC_Os01g59440.2,25,42,-0.748461233,0.268748291
LOC_Os05g04510.1,70,118,-0.753360032,0.040166725
LOC_Os03g20790.1,35,59,-0.753360032,0.177102048
LOC_Os05g28090.2,32,54,-0.754887502,0.192857399
LOC_Os01g04814.3,16,27,-0.754887502,0.35998066
LOC_Os03g60530.1,21,36,-0.777607579,0.286486396
LOC_Os11g39670.1,7,12,-0.777607579,0.645784007
LOC_Os03g32580.1,14,24,-0.777607579,0.415054481
LOC_Os08g27070.1,25,43,-0.782408565,0.222568101
LOC_Os09g32220.1,11,19,-0.788495895,0.463815633
LOC_Os09g32976.1,45,78,-0.793549123,0.084417839
LOC_Os04g20990.1,15,26,-0.793549123,0.347212711
LOC_Os03g25970.2,19,33,-0.796466606,0.265965028
LOC_Os11g37070.2,4,7,-0.807354922,0.764224471
LOC_Os02g08544.2,71,125,-0.816037165,0.017676976
LOC_Os06g23440.1,17,30,-0.819427754,0.304395382
LOC_Os09g34910.1,26,46,-0.823122238,0.15582443
LOC_Os07g29610.1,9,16,-0.830074999,0.426777401
LOC_Os09g36450.1,68,121,-0.831400396,0.018956014
LOC_Os02g41630.2,46,82,-0.833990049,0.050358126
LOC_Os07g05820.1,23,41,-0.833990049,0.168601087
LOC_Os06g21590.2,360,642,-0.834576391,1.99E-08
LOC_Os03g57300.2,14,25,-0.836501268,0.334260306
LOC_Os03g19690.1,19,34,-0.839535328,0.215426173
LOC_Os03g56670.2,91,163,-0.840933514,0.004466815
LOC_Os01g66170.1,5,9,-0.847996907,0.597037078
LOC_Os03g17634.1,31,56,-0.853158612,0.105351249
LOC_Os05g48960.3,21,38,-0.855610091,0.190323095
LOC_Os07g07680.1,16,29,-0.857980995,0.233720578
LOC_Os12g03880.1,22,40,-0.862496476,0.160816402
LOC_Os01g65220.1,56,102,-0.86507042,0.02022067
LOC_Os01g21820.1,34,62,-0.866733469,0.080465648
LOC_Os06g41010.1,17,31,-0.866733469,0.245318358
LOC_Os09g12600.1,12,22,-0.874469118,0.30402153
LOC_Os12g01449.1,37,68,-0.878009476,0.061669234
LOC_Os11g44810.1,33,61,-0.886343218,0.062646357
LOC_Os02g03230.1,20,37,-0.887525271,0.182313089
LOC_Os07g48350.1,16,30,-0.906890596,0.185631761
LOC_Os05g49030.1,8,15,-0.906890596,0.404981874
LOC_Os02g39160.1,66,124,-0.909802191,0.006768719
LOC_Os04g42600.1,76,143,-0.911943823,0.003370278
LOC_Os06g01400.1,17,32,-0.912537159,0.195743055
LOC_Os02g05840.1,9,17,-0.91753784,0.330686399
LOC_Os11g01140.3,19,36,-0.921997488,0.137825641
LOC_Os09g36800.1,11,21,-0.932885804,0.287603801
LOC_Os07g04840.1,173,331,-0.936059179,2.88E-06
LOC_Os04g55230.1,58,111,-0.936434871,0.006703614
LOC_Os01g04730.1,12,23,-0.938599455,0.237708517
LOC_Os11g38959.1,13,25,-0.943416472,0.25313911
LOC_Os04g53230.1,42,81,-0.94753258,0.022961824
LOC_Os01g70400.1,14,27,-0.94753258,0.209314133
LOC_Os09g39390.1,30,59,-0.975752454,0.042394226
LOC_Os03g53860.2,36,71,-0.979822118,0.024918892
LOC_Os02g01340.2,95,188,-0.984733243,0.000157296
LOC_Os12g43600.1,192,380,-0.984893108,6.48E-08
LOC_Os04g45490.1,65,130,-1,0.001471468
LOC_Os05g49800.1,32,64,-1,0.030568637
LOC_Os04g52270.2,23,46,-1,0.068758089
LOC_Os05g38640.1,20,40,-1,0.090970199
LOC_Os05g03430.1,19,38,-1,0.109074931
LOC_Os03g07150.1,6,12,-1,0.356424237
LOC_Os12g29760.1,2,4,-1,0.698015283
LOC_Os04g52440.1,7,14,-1,0.381619428
LOC_Os11g07020.7,310,621,-1.002325053,1.66E-12
LOC_Os03g44620.2,61,123,-1.011777168,0.001769546
LOC_Os03g57220.2,38,77,-1.018859027,0.014379326
LOC_Os07g10250.1,25,51,-1.028569152,0.049098416
LOC_Os08g37580.1,22,45,-1.032421478,0.064496503
LOC_Os09g29460.1,19,39,-1.037474705,0.085173578
LOC_Os03g12290.1,16,33,-1.044394119,0.113235746
LOC_Os01g66000.1,24,50,-1.058893689,0.035463993
LOC_Os05g11780.1,11,23,-1.064130337,0.169419448
LOC_Os07g01480.1,20,42,-1.070389328,0.055124238
LOC_Os01g52500.4,10,21,-1.070389328,0.20621973
LOC_Os07g32880.1,59,124,-1.071553261,0.000773319
LOC_Os06g07780.1,9,19,-1.078002512,0.253678842
LOC_Os06g41930.3,8,17,-1.087462841,0.231613339
LOC_Os08g02410.1,23,49,-1.091147888,0.032592576
LOC_Os04g32650.1,30,64,-1.093109404,0.012743911
LOC_Os11g05552.1,21,45,-1.099535674,0.035856476
LOC_Os01g60440.1,14,30,-1.099535674,0.096030928
LOC_Os02g36974.1,7,15,-1.099535674,0.285261406
LOC_Os02g11740.2,106,228,-1.10496956,1.50E-06
LOC_Os06g04510.2,72,155,-1.106199404,7.60E-05
LOC_Os04g52130.1,26,56,-1.106915204,0.019417126
LOC_Os01g59090.1,13,28,-1.106915204,0.115781938
LOC_Os08g12830.1,18,39,-1.115477217,0.061188285
LOC_Os02g06300.1,12,26,-1.115477217,0.140963391
LOC_Os12g37560.1,6,13,-1.115477217,0.356532274
LOC_Os01g59790.1,17,37,-1.121990524,0.055520458
LOC_Os06g43850.1,11,24,-1.125530882,0.127874806
LOC_Os04g33970.1,16,35,-1.129283017,0.066504376
LOC_Os08g37490.1,37,81,-1.130396637,0.0039258
LOC_Os06g04270.1,115,253,-1.137503524,1.75E-07
LOC_Os02g49080.1,20,44,-1.137503524,0.032537412
LOC_Os09g29190.1,15,33,-1.137503524,0.080412538
LOC_Os03g55970.1,10,22,-1.137503524,0.155072838
LOC_Os02g13530.1,5,11,-1.137503524,0.323708633
LOC_Os02g08120.1,34,75,-1.141355849,0.005006106
LOC_Os07g37030.1,173,382,-1.1428006,8.63E-11
LOC_Os07g47710.1,19,42,-1.144389909,0.038785194
LOC_Os07g42170.1,14,31,-1.146841388,0.072758293
LOC_Os01g60360.1,9,20,-1.152003093,0.190292362
LOC_Os05g25640.1,13,29,-1.157541277,0.087419299
LOC_Os02g30210.2,17,38,-1.160464672,0.042184132
LOC_Os07g08030.1,16,36,-1.169925001,0.050362765
LOC_Os11g06390.1,12,27,-1.169925001,0.106164231
LOC_Os09g29490.1,8,18,-1.169925001,0.171549733
LOC_Os02g44642.1,4,9,-1.169925001,0.407728513
LOC_Os02g09150.1,19,43,-1.178337241,0.02943935
LOC_Os02g32490.2,15,34,-1.180572246,0.060739537
LOC_Os02g42220.1,22,50,-1.184424571,0.017389726
LOC_Os03g52770.1,11,25,-1.184424571,0.095566161
LOC_Os02g50240.1,102,232,-1.185555653,1.42E-07
LOC_Os01g03020.1,18,41,-1.187627003,0.035324697
LOC_Os02g33450.2,28,64,-1.192645078,0.006202931
LOC_Os02g51570.1,14,32,-1.192645078,0.05469507
LOC_Os06g04800.1,7,16,-1.192645078,0.209839193
LOC_Os01g13760.1,65,149,-1.196800707,2.41E-05
LOC_Os03g62630.1,10,23,-1.201633861,0.115278825
LOC_Os08g04450.1,33,76,-1.203533394,0.002669932
LOC_Os03g29950.1,13,30,-1.206450877,0.065418314
LOC_Os03g55720.2,22,51,-1.212993723,0.013155394
LOC_Os08g10510.2,12,28,-1.222392421,0.079145049
LOC_Os02g07790.1,9,21,-1.222392421,0.140841643
LOC_Os12g04290.1,6,14,-1.222392421,0.26075824
LOC_Os03g53510.2,3,7,-1.222392421,0.527657013
LOC_Os12g42090.1,23,54,-1.231325546,0.011181067
LOC_Os02g01150.2,31,73,-1.235628248,0.002154664
LOC_Os11g41820.2,14,33,-1.237039197,0.040818964
LOC_Os03g59640.1,47,111,-1.239827015,0.000152838
LOC_Os01g49290.1,11,26,-1.2410081,0.070776987
LOC_Os04g56400.1,19,45,-1.243925583,0.01666076
LOC_Os04g35240.1,16,38,-1.247927513,0.028274211
LOC_Os03g61990.2,8,19,-1.247927513,0.125554624
LOC_Os03g03510.1,37,88,-1.249978253,0.000801261
LOC_Os01g64170.5,29,69,-1.250543462,0.00301739
LOC_Os04g02050.1,18,43,-1.256339753,0.019846399
LOC_Os07g25430.1,48,115,-1.26052755,7.50E-05
LOC_Os06g43860.4,40,96,-1.263034406,0.000367465
LOC_Os08g37790.1,20,48,-1.263034406,0.014100993
LOC_Os06g15420.1,5,12,-1.263034406,0.231854212
LOC_Os04g39700.1,17,41,-1.270089163,0.02390454
LOC_Os03g11970.1,12,29,-1.273018494,0.058448743
LOC_Os01g19450.1,40,97,-1.277984747,0.000276317
LOC_Os04g39270.1,7,17,-1.280107919,0.152172024
LOC_Os06g02510.1,9,22,-1.289506617,0.102974319
LOC_Os03g12020.1,16,40,-1.321928095,0.015478298
LOC_Os11g04980.2,14,35,-1.321928095,0.030099723
LOC_Os09g33800.2,12,30,-1.321928095,0.042790788
LOC_Os06g38294.1,10,25,-1.321928095,0.061792625
LOC_Os03g14530.1,8,20,-1.321928095,0.0909175
LOC_Os09g38100.1,6,15,-1.321928095,0.187440565
LOC_Os04g59520.1,4,10,-1.321928095,0.28737531
LOC_Os01g01410.1,2,5,-1.321928095,0.471526744
LOC_Os05g51700.3,19,48,-1.337034987,0.006820128
LOC_Os12g40840.3,15,38,-1.341036918,0.018317866
LOC_Os07g01030.1,13,33,-1.343954401,0.026156629
LOC_Os03g31400.1,11,28,-1.347923303,0.051878476
LOC_Os08g06530.1,18,46,-1.353636955,0.007998864
LOC_Os04g35900.1,9,23,-1.353636955,0.074456298
LOC_Os11g13890.2,178,457,-1.360316924,8.49E-18
LOC_Os01g31690.1,211,542,-1.361049853,6.94E-21
LOC_Os12g37410.1,14,36,-1.362570079,0.021954407
LOC_Os07g31300.1,7,18,-1.362570079,0.108966248
LOC_Os03g11010.1,19,49,-1.366782331,0.006834437
LOC_Os02g57450.1,22,57,-1.373458396,0.003011372
LOC_Os05g48630.2,70,182,-1.378511623,3.87E-08
LOC_Os06g09570.1,15,39,-1.378511623,0.013351977
LOC_Os03g49500.2,10,26,-1.378511623,0.044637868
LOC_Os01g01150.2,5,13,-1.378511623,0.16361723
LOC_Os02g48900.1,13,34,-1.387023123,0.019008377
LOC_Os08g29370.2,8,21,-1.392317423,0.091046056
LOC_Os04g52450.2,28,74,-1.402098444,0.000440786
LOC_Os05g42424.1,12,32,-1.415037499,0.02240587
LOC_Os09g36440.1,9,24,-1.415037499,0.05329715
LOC_Os11g04670.2,6,16,-1.415037499,0.132697659
LOC_Os02g50370.1,3,8,-1.415037499,0.365278676
LOC_Os03g17070.1,37,99,-1.419903254,3.06E-05
LOC_Os03g59310.1,19,51,-1.424497829,0.003609021
LOC_Os07g42420.1,16,43,-1.426264755,0.008256052
LOC_Os10g38272.1,10,27,-1.432959407,0.031993586
LOC_Os05g41640.1,63,171,-1.440572591,2.47E-08
LOC_Os01g73170.1,7,19,-1.440572591,0.077160052
LOC_Os11g14180.1,18,49,-1.444784843,0.003085292
LOC_Os03g31134.1,15,41,-1.450661409,0.006977251
LOC_Os10g28200.2,46,126,-1.453717967,1.56E-06
LOC_Os12g33958.1,32,88,-1.459431619,6.63E-05
LOC_Os10g34750.1,8,22,-1.459431619,0.06460038
LOC_Os08g13920.1,4,11,-1.459431619,0.198818164
LOC_Os06g43660.3,119,328,-1.462734241,4.25E-15
LOC_Os04g51280.1,17,47,-1.46712601,0.003591764
LOC_Os07g09060.3,13,36,-1.469485283,0.0137293
LOC_Os04g50120.1,10,28,-1.485426827,0.022768437
LOC_Os02g52340.1,5,14,-1.485426827,0.164529138
LOC_Os08g34220.1,11,31,-1.494764692,0.019010871
LOC_Os08g40830.1,6,17,-1.502500341,0.092691751
LOC_Os02g04840.1,13,37,-1.509013647,0.009749401
LOC_Os11g32240.1,7,20,-1.514573173,0.054100581
LOC_Os04g58280.2,51,146,-1.517399217,7.92E-08
LOC_Os02g12850.1,15,43,-1.519374159,0.003575875
LOC_Os07g05480.1,23,66,-1.520832163,0.000373515
LOC_Os01g48300.3,16,46,-1.523561956,0.003015154
LOC_Os05g45210.1,8,23,-1.523561956,0.045350422
LOC_Os08g44290.1,17,49,-1.527247003,0.001836448
LOC_Os03g05780.1,9,26,-1.530514717,0.026598507
LOC_Os06g01850.1,95,275,-1.5334322,5.37E-14
LOC_Os05g14180.1,22,64,-1.540568381,0.000307521
LOC_Os01g42260.1,12,35,-1.544320516,0.008082118
LOC_Os03g59340.1,37,108,-1.545434137,2.26E-06
LOC_Os07g36080.3,76,222,-1.546488353,1.12E-11
LOC_Os03g50860.1,15,44,-1.552541023,0.003586896
LOC_Os01g60230.4,17,50,-1.556393349,0.001305534
LOC_Os01g57960.1,167,493,-1.561739544,8.18E-25
LOC_Os05g08370.1,30,90,-1.584962501,1.23E-05
LOC_Os10g10180.1,17,51,-1.584962501,0.000924858
LOC_Os01g45750.1,16,48,-1.584962501,0.001504561
LOC_Os08g44850.1,10,30,-1.584962501,0.015971276
LOC_Os03g36540.2,9,27,-1.584962501,0.018576054
LOC_Os03g16910.1,8,24,-1.584962501,0.031533059
LOC_Os05g47446.1,7,21,-1.584962501,0.037602738
LOC_Os01g01640.1,6,18,-1.584962501,0.063991023
LOC_Os01g58870.1,5,15,-1.584962501,0.113305587
LOC_Os05g34270.1,4,12,-1.584962501,0.135439258
LOC_Os10g21236.1,3,9,-1.584962501,0.246833723
LOC_Os06g50170.1,2,6,-1.584962501,0.311186143
LOC_Os01g22640.1,1,3,-1.584962501,0.633460072
LOC_Os02g49680.1,12,37,-1.624490865,0.005742171
LOC_Os08g15230.1,11,34,-1.628031223,0.006535895
LOC_Os01g56670.2,36,112,-1.637429921,3.35E-07
LOC_Os01g67180.1,9,28,-1.637429921,0.012887551
LOC_Os02g49700.1,67,210,-1.648156327,1.79E-12
LOC_Os01g55540.2,110,345,-1.649092838,1.41E-19
LOC_Os08g02630.1,7,22,-1.652076697,0.038010568
LOC_Os01g48500.1,6,19,-1.662965013,0.043726058
LOC_Os06g15400.1,53,168,-1.664396968,2.60E-10
LOC_Os03g03390.1,11,35,-1.669851398,0.004526941
LOC_Os06g39716.1,5,16,-1.678071905,0.076928082
LOC_Os05g48870.1,8,26,-1.700439718,0.014870993
LOC_Os03g10880.2,4,13,-1.700439718,0.091082787
LOC_Os01g43120.1,11,36,-1.710493383,0.003120386
LOC_Os09g13870.3,7,23,-1.716207034,0.02585675
LOC_Os06g51220.2,57,188,-1.721698838,4.39E-12
LOC_Os07g10770.1,26,86,-1.725825037,3.59E-06
LOC_Os09g08880.1,6,20,-1.736965594,0.029612371
LOC_Os06g05120.2,3,10,-1.736965594,0.16356486
LOC_Os03g03720.1,196,666,-1.764668523,5.45E-41
LOC_Os07g34030.2,10,34,-1.765534746,0.003548427
LOC_Os01g13030.1,5,17,-1.765534746,0.051589582
LOC_Os03g16050.1,39,133,-1.769880217,3.02E-09
LOC_Os02g04480.1,7,24,-1.777607579,0.017430631
LOC_Os08g04180.1,9,31,-1.784271309,0.006110345
LOC_Os01g08320.1,22,76,-1.788495895,5.80E-06
LOC_Os06g40640.3,11,38,-1.788495895,0.001463776
LOC_Os03g21560.1,10,35,-1.807354922,0.002402604
LOC_Os03g06230.1,8,28,-1.807354922,0.006823129
LOC_Os08g01360.3,6,21,-1.807354922,0.019898265
LOC_Os09g31380.1,4,14,-1.807354922,0.060597192
LOC_Os01g54390.1,2,7,-1.807354922,0.3149741
LOC_Os06g01210.1,44,155,-1.816692787,4.04E-11
LOC_Os02g57290.1,37,131,-1.823969636,1.20E-09
LOC_Os04g38870.4,24,85,-1.824428435,1.01E-06
LOC_Os06g09880.1,9,32,-1.830074999,0.004103064
LOC_Os08g01380.2,23,82,-1.833990049,1.64E-06
LOC_Os10g35960.1,28,100,-1.836501268,9.63E-08
LOC_Os02g07360.1,14,50,-1.836501268,0.000211987
LOC_Os08g25570.1,7,25,-1.836501268,0.011656238
LOC_Os09g00999.1,339,1213,-1.839222372,1.95E-54
LOC_Os08g40570.1,5,18,-1.847996907,0.034230256
LOC_Os09g29630.1,33,119,-1.850423644,5.88E-09
LOC_Os03g52239.1,49,177,-1.852895706,7.91E-13
LOC_Os03g28330.1,29,105,-1.856264523,4.04E-08
LOC_Os07g43810.1,33,121,-1.874469118,2.68E-09
LOC_Os02g49870.2,6,22,-1.874469118,0.013279996
LOC_Os05g33620.1,3,11,-1.874469118,0.106685653
LOC_Os09g01000.1,8862,32767,-1.88653936,1.25E-55
LOC_Os03g49350.1,48,178,-1.89077093,2.75E-13
LOC_Os03g55930.1,7,26,-1.893084796,0.007739453
LOC_Os01g49370.1,67,249,-1.893912742,4.48E-18
LOC_Os03g50080.1,11,41,-1.898120386,0.000659263
LOC_Os05g07130.2,8,30,-1.906890596,0.003063175
LOC_Os03g45920.1,4,15,-1.906890596,0.039952429
LOC_Os05g29990.1,14,53,-1.920565533,6.44E-05
LOC_Os01g68450.2,5,19,-1.925999419,0.022504659
LOC_Os10g21238.1,6,23,-1.938599455,0.008810317
LOC_Os02g49570.1,14,54,-1.94753258,4.31E-05
LOC_Os06g28194.2,7,27,-1.94753258,0.005106622
LOC_Os03g15020.3,8,31,-1.95419631,0.002038674
LOC_Os01g68700.1,17,66,-1.956931278,6.61E-06
LOC_Os05g51690.1,9,35,-1.959358016,0.001202641
LOC_Os11g29190.5,9,36,-2,0.000791755
LOC_Os10g38900.1,7,28,-2,0.003350879
LOC_Os06g50000.1,5,20,-2,0.014679577
LOC_Os03g43430.1,4,16,-2,0.040157478
LOC_Os03g51610.1,3,12,-2,0.068702408
LOC_Os07g36250.2,2,8,-2,0.201480186
LOC_Os02g56170.1,1,4,-2,0.38910012
LOC_Os03g52860.1,23,93,-2.015596855,3.08E-08
LOC_Os04g37690.1,13,53,-2.027480736,3.09E-05
LOC_Os03g56280.1,11,45,-2.032421478,0.000125717
LOC_Os11g05860.1,8,33,-2.044394119,0.001354293
LOC_Os12g33946.1,41,172,-2.06871275,8.25E-15
LOC_Os04g31700.1,5,21,-2.070389328,0.00951098
LOC_Os01g66500.1,9,38,-2.078002512,0.000339561
LOC_Os06g46284.1,4,17,-2.087462841,0.025758427
LOC_Os02g24354.1,7,30,-2.099535674,0.001422863
LOC_Os04g16680.1,34,147,-2.112209504,3.30E-13
LOC_Os08g03380.1,3,13,-2.115477217,0.043788031
LOC_Os09g35940.1,8,35,-2.129283017,0.000565001
LOC_Os12g23200.1,63,276,-2.131244533,5.82E-24
LOC_Os12g17600.1,75,329,-2.133125083,2.30E-28
LOC_Os01g27940.2,5,22,-2.137503524,0.006126773
LOC_Os01g05080.1,6,27,-2.169925001,0.002376181
LOC_Os04g58550.1,4,18,-2.169925001,0.01636765
LOC_Os03g29470.1,2,9,-2.169925001,0.126330704
LOC_Os02g15750.1,7,32,-2.192645078,0.000595241
LOC_Os05g33840.1,8,37,-2.209453366,0.000232169
LOC_Os10g39930.2,9,42,-2.222392421,6.05E-05
LOC_Os08g44320.1,6,28,-2.222392421,0.001512028
LOC_Os06g42560.3,3,14,-2.222392421,0.02767676
LOC_Os07g41710.2,10,47,-2.232660757,2.35E-05
LOC_Os02g02400.3,94,443,-2.236574037,1.85E-40
LOC_Os04g45600.1,7,33,-2.237039197,0.000383273
LOC_Os02g50960.2,4,19,-2.247927513,0.010318154
LOC_Os12g34094.1,9,43,-2.256339753,6.15E-05
LOC_Os01g70190.1,5,24,-2.263034406,0.002506794
LOC_Os09g24700.1,6,29,-2.273018494,0.000958081
LOC_Os01g66300.1,6,30,-2.321928095,0.000604886
LOC_Os06g40818.1,5,25,-2.321928095,0.001594246
LOC_Os02g03330.1,4,20,-2.321928095,0.006461332
LOC_Os08g01760.1,3,15,-2.321928095,0.017375473
LOC_Os07g26440.1,2,10,-2.321928095,0.077987813
LOC_Os01g07780.1,1,5,-2.321928095,0.234642539
LOC_Os12g19381.1,65,329,-2.339575961,1.80E-32
LOC_Os03g48300.1,10,51,-2.350497247,3.92E-06
LOC_Os02g39890.1,10,52,-2.378511623,2.50E-06
LOC_Os10g25130.1,24,125,-2.380821784,1.60E-13
LOC_Os12g08770.1,37,194,-2.390459477,2.85E-20
LOC_Os01g43630.1,4,21,-2.392317423,0.004023738
LOC_Os02g25060.1,7,37,-2.402098444,9.66E-05
LOC_Os03g25960.1,17,90,-2.404390255,4.91E-10
LOC_Os08g16480.3,6,32,-2.415037499,0.000239009
LOC_Os02g02530.2,3,16,-2.415037499,0.010848261
LOC_Os03g08550.1,5,27,-2.432959407,0.00100742
LOC_Os01g58610.1,4,22,-2.459431619,0.002494254
LOC_Os05g39090.1,2,11,-2.459431619,0.047566949
LOC_Os09g30340.1,23,127,-2.465122731,2.43E-14
LOC_Os01g53150.2,5,28,-2.485426827,0.000620186
LOC_Os08g03290.1,11,62,-2.494764692,9.81E-08
LOC_Os12g04500.1,3,17,-2.502500341,0.006742277
LOC_Os04g38600.3,39,228,-2.547487795,1.19E-25
LOC_Os02g30630.1,7,41,-2.550197083,1.43E-05
LOC_Os05g14240.2,16,95,-2.569855608,1.72E-11
LOC_Os01g33960.1,25,150,-2.584962501,1.57E-17
LOC_Os07g14850.1,5,30,-2.584962501,0.000232645
LOC_Os09g24924.1,3,18,-2.584962501,0.006828698
LOC_Os10g35810.1,2,12,-2.584962501,0.028744269
LOC_Os10g21196.1,1,6,-2.584962501,0.139888856
LOC_Os06g10810.1,8,49,-2.614709844,1.40E-06
LOC_Os03g51600.1,36,224,-2.637429921,2.13E-26
LOC_Os02g51080.1,27,170,-2.654503434,1.42E-20
LOC_Os02g35950.1,3,19,-2.662965013,0.004110632
LOC_Os11g14220.1,16,102,-2.672425342,5.88E-13
LOC_Os02g02840.1,4,26,-2.700439718,0.000356827
LOC_Os03g63420.1,2,13,-2.700439718,0.017247368
LOC_Os08g14440.2,3,20,-2.736965594,0.002461214
LOC_Os01g25600.1,4,27,-2.754887502,0.00021828
LOC_Os01g64660.2,17,115,-2.75802721,5.13E-15
LOC_Os05g06140.1,8,55,-2.781359714,7.27E-08
LOC_Os03g03360.1,10,70,-2.807354922,1.12E-09
LOC_Os06g06410.2,2,14,-2.807354922,0.010293827
LOC_Os01g33204.1,1,7,-2.807354922,0.082789761
LOC_Os07g48410.1,3,22,-2.874469118,0.000871906
LOC_Os03g21230.1,5,37,-2.887525271,7.11E-06
LOC_Os08g38710.1,2,15,-2.906890596,0.006119345
LOC_Os11g04720.2,6,46,-2.938599455,3.89E-07
LOC_Os01g42234.1,3,23,-2.938599455,0.000516783
LOC_Os01g49890.1,2,16,-3,0.003627122
LOC_Os12g01170.1,1,8,-3,0.048759909
LOC_Os08g17390.1,11,89,-3.016301812,4.03E-13
LOC_Os03g52630.1,7,57,-3.025535092,7.81E-09
LOC_Os10g21190.1,9,75,-3.058893689,2.55E-11
LOC_Os03g17174.1,3,25,-3.058893689,0.000180638
LOC_Os09g32810.2,2,17,-3.087462841,0.002145313
LOC_Os08g02120.1,3,27,-3.169925001,6.29E-05
LOC_Os07g46340.1,2,18,-3.169925001,0.001266896
LOC_Os07g38360.2,1,9,-3.169925001,0.028621409
LOC_Os02g53400.1,3,28,-3.222392421,3.71E-05
LOC_Os04g55710.1,4,38,-3.247927513,1.15E-06
LOC_Os03g61330.3,2,19,-3.247927513,0.000747288
LOC_Os05g36270.2,3,30,-3.321928095,1.29E-05
LOC_Os09g32510.5,2,20,-3.321928095,0.000440402
LOC_Os05g36070.1,1,10,-3.321928095,0.028689658
LOC_Os02g47600.2,2,21,-3.392317423,0.000445449
LOC_Os08g42850.1,3,32,-3.415037499,7.80E-06
LOC_Os08g33330.1,1,11,-3.459431619,0.016189655
LOC_Os02g58410.1,2,23,-3.523561956,0.000142827
LOC_Os01g59150.1,6,72,-3.584962501,1.03E-12
LOC_Os02g49230.1,2,24,-3.584962501,8.08E-05
LOC_Os02g08018.1,1,12,-3.584962501,0.009090708
LOC_Os04g51300.1,2,25,-3.64385619,4.57E-05
LOC_Os06g15330.1,4,52,-3.700439718,9.16E-10
LOC_Os04g58700.2,1,13,-3.700439718,0.005088599
LOC_Os02g52650.1,2,28,-3.807354922,8.30E-06
LOC_Os01g55510.1,1,14,-3.807354922,0.002843536
LOC_Os05g49290.2,2,29,-3.857980995,4.71E-06
LOC_Os01g09010.1,1,15,-3.906890596,0.00158802
LOC_Os01g63950.1,1,16,-4,0.000887048
LOC_Os04g49660.1,1,17,-4.087462841,0.000495894
LOC_Os01g73450.1,1,18,-4.169925001,0.000277557
LOC_Os04g52640.2,1,20,-4.321928095,8.73E-05
LOC_Os12g31000.1,2,42,-4.392317423,4.59E-09
LOC_Os09g26810.1,2,44,-4.459431619,1.42E-09
LOC_Os02g47220.2,1,23,-4.523561956,1.56E-05
LOC_Os01g07970.1,1,25,-4.64385619,8.91E-06
LOC_Os10g40700.1,1,31,-4.95419631,2.24E-07
